{
  "model/models.js": 1747919607077,
  "i18n/i18n_en.properties": 1748985052139,
  "i18n/i18n_it.properties": 1748985052143,
  "controller/App.controller.js": 1747919607077,
  "controller/View1.controller.js": 1749047726586,
  "i18n/i18n.properties": 1748985052139,
  "manifest.json": 1747919607077,
  "Component.js": 1747919607077,
  "controller/View1-dbg.controller.js": 1749047726586,
  "controller/View1.controller.js.map": 1749047990349,
  "controller/App-dbg.controller.js": 1747919607077,
  "controller/App.controller.js.map": 1749047990276,
  "model/models-dbg.js": 1747919607077,
  "model/models.js.map": 1749047990273,
  "Component-dbg.js": 1747919607077,
  "Component.js.map": 1749047990280,
  "Component-preload.js": 1749047990433,
  "Component-preload.js.map": 1749047990433,
  "view/View1.view.xml": 1749041064455,
  "view/App.view.xml": 1747924489490,
  "css/style.css": 1748522132290,
  "index.html": 1747919607077
}