{
  "css/style.css": 1747750659851,
  "i18n/i18n_en.properties": 1748008519659,
  "i18n/i18n.properties": 1748008519659,
  "controller/App.controller.js": 1747908027266,
  "controller/View1.controller.js": 1748253939361,
  "model/models.js": 1747750659851,
  "manifest.json": 1747901610137,
  "Component.js": 1747750659839,
  "controller/App-dbg.controller.js": 1747908027266,
  "controller/App.controller.js.map": 1748254701720,
  "controller/View1-dbg.controller.js": 1748253939361,
  "controller/View1.controller.js.map": 1748254701726,
  "model/models-dbg.js": 1747750659851,
  "model/models.js.map": 1748254701720,
  "Component-dbg.js": 1747750659839,
  "Component.js.map": 1748254701722,
  "Component-preload.js": 1748254701905,
  "Component-preload.js.map": 1748254701905,
  "view/View1.view.xml": 1748252588511,
  "view/App.view.xml": 1747750659855,
  "i18n/i18n_it.properties": 1748008519659,
  "index.html": 1747750659843
}