{
  "model/models.js": 1747919607077,
  "i18n/i18n_en.properties": 1750155363519,
  "i18n/i18n.properties": 1750155363519,
  "Component.js": 1747919607077,
  "controller/View1.controller.js": 1750319663541,
  "controller/App.controller.js": 1747919607077,
  "manifest.json": 1750155473312,
  "i18n/i18n_it.properties": 1750155363519,
  "Component-dbg.js": 1747919607077,
  "Component.js.map": 1750320316066,
  "controller/View1-dbg.controller.js": 1750319663541,
  "controller/View1.controller.js.map": 1750320316091,
  "controller/App-dbg.controller.js": 1747919607077,
  "controller/App.controller.js.map": 1750320316064,
  "model/models-dbg.js": 1747919607077,
  "model/models.js.map": 1750320316067,
  "Component-preload.js": 1750320316166,
  "Component-preload.js.map": 1750320316166,
  "view/View1.view.xml": 1750249490007,
  "view/App.view.xml": 1747924489490,
  "css/style.css": 1750155788938,
  "index.html": 1747919607077
}