{
  "Component-dbg.js": 1747919607077,
  "i18n/i18n_en.properties": 1749128515252,
  "i18n/i18n.properties": 1749128515248,
  "Component.js": 1747919607077,
  "controller/View1.controller.js": 1749128515248,
  "controller/App.controller.js": 1747919607077,
  "manifest.json": 1747919607077,
  "model/models.js": 1747919607077,
  "model/models-dbg.js": 1747919607077,
  "model/models.js.map": 1749131128606,
  "controller/View1-dbg.controller.js": 1749128515248,
  "controller/View1.controller.js.map": 1749131128626,
  "controller/App-dbg.controller.js": 1747919607077,
  "controller/App.controller.js.map": 1749131128605,
  "i18n/i18n_it.properties": 1749128515252,
  "Component.js.map": 1749131128607,
  "Component-preload.js": 1749131128816,
  "Component-preload.js.map": 1749131128816,
  "view/View1.view.xml": 1749128515252,
  "view/App.view.xml": 1747924489490,
  "css/style.css": 1749128626984,
  "index.html": 1747919607077
}