{
  "model/models-dbg.js": 1747919607077,
  "i18n/i18n_it.properties": 1749479487362,
  "i18n/i18n.properties": 1749479487362,
  "controller/App.controller.js": 1747919607077,
  "controller/View1.controller.js": 1749543612847,
  "model/models.js": 1747919607077,
  "manifest.json": 1747919607077,
  "Component.js": 1747919607077,
  "controller/View1-dbg.controller.js": 1749543612847,
  "controller/View1.controller.js.map": 1749545370567,
  "controller/App-dbg.controller.js": 1747919607077,
  "controller/App.controller.js.map": 1749545370543,
  "i18n/i18n_en.properties": 1749479487362,
  "model/models.js.map": 1749545370544,
  "Component-dbg.js": 1747919607077,
  "Component.js.map": 1749545370545,
  "Component-preload.js": 1749545370749,
  "Component-preload.js.map": 1749545370749,
  "view/View1.view.xml": 1749544858402,
  "view/App.view.xml": 1747924489490,
  "css/style.css": 1749479623271,
  "index.html": 1747919607077
}