{
  "index.html": 1747750659843,
  "i18n/i18n_it.properties": 1748607838970,
  "i18n/i18n.properties": 1748607838966,
  "manifest.json": 1747901610137,
  "controller/View1.controller.js": 1748958025528,
  "controller/App.controller.js": 1747908027266,
  "model/models.js": 1747750659851,
  "Component.js": 1747750659839,
  "model/models-dbg.js": 1747750659851,
  "model/models.js.map": 1749024586387,
  "controller/App-dbg.controller.js": 1747908027266,
  "controller/App.controller.js.map": 1749024586389,
  "controller/View1-dbg.controller.js": 1748958025528,
  "controller/View1.controller.js.map": 1749024586409,
  "Component-dbg.js": 1747750659839,
  "Component.js.map": 1749024586398,
  "Component-preload.js": 1749024586627,
  "Component-preload.js.map": 1749024586627,
  "view/View1.view.xml": 1748955279059,
  "view/App.view.xml": 1747750659855,
  "css/style.css": 1748600772710,
  "i18n/i18n_en.properties": 1748607838966
}