{
  "Component-preload.js.map": 1749578682461,
  "i18n/i18n_en.properties": 1749576172162,
  "i18n/i18n.properties": 1749576172162,
  "controller/App.controller.js": 1747919607077,
  "controller/View1.controller.js": 1749576172162,
  "model/models.js": 1747919607077,
  "manifest.json": 1747919607077,
  "Component.js": 1747919607077,
  "model/models-dbg.js": 1747919607077,
  "model/models.js.map": 1749578682244,
  "controller/View1-dbg.controller.js": 1749576172162,
  "controller/View1.controller.js.map": 1749578682268,
  "controller/App-dbg.controller.js": 1747919607077,
  "controller/App.controller.js.map": 1749578682244,
  "Component-dbg.js": 1747919607077,
  "Component.js.map": 1749578682245,
  "Component-preload.js": 1749578682461,
  "i18n/i18n_it.properties": 1749576172162,
  "view/View1.view.xml": 1749576172162,
  "view/App.view.xml": 1747924489490,
  "css/style.css": 1749567223598,
  "index.html": 1747919607077
}