{
  "css/style.css": 1748600772710,
  "i18n/i18n_en.properties": 1748607838966,
  "i18n/i18n.properties": 1748607838966,
  "model/models.js": 1747750659851,
  "controller/View1.controller.js": 1748600772710,
  "controller/App.controller.js": 1747908027266,
  "manifest.json": 1747901610137,
  "Component.js": 1747750659839,
  "controller/App-dbg.controller.js": 1747908027266,
  "controller/App.controller.js.map": 1748611895162,
  "controller/View1-dbg.controller.js": 1748600772710,
  "controller/View1.controller.js.map": 1748611895176,
  "model/models-dbg.js": 1747750659851,
  "model/models.js.map": 1748611895164,
  "Component-dbg.js": 1747750659839,
  "Component.js.map": 1748611895160,
  "Component-preload.js": 1748611895270,
  "Component-preload.js.map": 1748611895270,
  "view/View1.view.xml": 1748608058372,
  "view/App.view.xml": 1747750659855,
  "i18n/i18n_it.properties": 1748607838970,
  "index.html": 1747750659843
}