{
  "model/models.js": 1747919607077,
  "i18n/i18n_en.properties": 1749479487362,
  "i18n/i18n.properties": 1749479487362,
  "manifest.json": 1747919607077,
  "controller/View1.controller.js": 1749557589341,
  "controller/App.controller.js": 1747919607077,
  "i18n/i18n_it.properties": 1749479487362,
  "Component.js": 1747919607077,
  "controller/App-dbg.controller.js": 1747919607077,
  "controller/App.controller.js.map": 1749558803506,
  "controller/View1-dbg.controller.js": 1749557589341,
  "controller/View1.controller.js.map": 1749558803539,
  "model/models-dbg.js": 1747919607077,
  "model/models.js.map": 1749558803508,
  "Component-dbg.js": 1747919607077,
  "Component.js.map": 1749558803510,
  "Component-preload.js": 1749558803622,
  "Component-preload.js.map": 1749558803622,
  "view/View1.view.xml": 1749557589341,
  "view/App.view.xml": 1747924489490,
  "css/style.css": 1749557589341,
  "index.html": 1747919607077
}