{
  "i18n/i18n_it.properties": 1750155363519,
  "i18n/i18n_en.properties": 1750155363519,
  "i18n/i18n.properties": 1750155363519,
  "model/models.js": 1747919607077,
  "controller/View1.controller.js": 1750337758133,
  "controller/App.controller.js": 1747919607077,
  "manifest.json": 1750155473312,
  "Component.js": 1747919607077,
  "controller/App-dbg.controller.js": 1747919607077,
  "controller/App.controller.js.map": 1750343930866,
  "controller/View1-dbg.controller.js": 1750337758133,
  "controller/View1.controller.js.map": 1750343930891,
  "model/models-dbg.js": 1747919607077,
  "model/models.js.map": 1750343930866,
  "Component-dbg.js": 1747919607077,
  "Component.js.map": 1750343930866,
  "Component-preload.js": 1750343931080,
  "Component-preload.js.map": 1750343931080,
  "view/View1.view.xml": 1750330142702,
  "view/App.view.xml": 1747924489490,
  "css/style.css": 1750155788938,
  "index.html": 1747919607077
}